MySQL [(none)]> create database primarydb
    ->
    -> ;
Query OK, 1 row affected (0.033 sec)

MySQL [(none)]> select db_name();
ERROR 1046 (3D000): No database selected
MySQL [(none)]> SELECT DATABASE();
+------------+
| DATABASE() |
+------------+
| NULL       |
+------------+
1 row in set (0.004 sec)

MySQL [(none)]> create database primaryrds;
Query OK, 1 row affected (0.011 sec)

MySQL [(none)]> SELECT DATABASE();
+------------+
| DATABASE() |
+------------+
| NULL       |
+------------+
1 row in set (0.001 sec)

MySQL [(none)]> use primaryrds;
Database changed
MySQL [primaryrds]> select database();
+------------+
| database() |
+------------+
| primaryrds |
+------------+
1 row in set (0.001 sec)

MySQL [primaryrds]> CREATE TABLE Persons (
    ->     PersonID int,
    ->     LastName varchar(255),
    ->     FirstName varchar(255),
    ->     Address varchar(255),
    ->     City varchar(255)
    -> );
Query OK, 0 rows affected (0.096 sec)

MySQL [primaryrds]> insert into Persons(PersonID, LastName, FirstName, Address, City) value (1, "dsd", "dsds", "dsadsa", "dasds")'
    '> Ctrl-C -- exit!
Aborted
[ec2-user@ip-10-1-10-173 ~]$ insert into Persons(PersonID, LastName, FirstName, Address, City) value (1, "dsd", "dsds", "dsadsa", "dasds")
-bash: syntax error near unexpected token `('
[ec2-user@ip-10-1-10-173 ~]$ insert into Persons(PersonID, LastName, FirstName, Address, City) value (1, "dsd", "dsds", "dsadsa", "dasds");
-bash: syntax error near unexpected token `('
[ec2-user@ip-10-1-10-173 ~]$ insert into Persons(PersonID, LastName, FirstName, Address, City) value (1, "dsd", "dsds", "dsadsa", "dasds");
-bash: syntax error near unexpected token `('
[ec2-user@ip-10-1-10-173 ~]$ insert into Persons(PersonID, LastName, FirstName, Address, City) value (1, 'dsd', 'dsds', 'dsadsa', 'dasds');
-bash: syntax error near unexpected token `('
[ec2-user@ip-10-1-10-173 ~]$
insert into Persons(PersonID, LastName, FirstName, Address, City) values (1, 'dsd', 'dsds', 'dsadsa', 'dasds');
-bash: syntax error near unexpected token `('
[ec2-user@ip-10-1-10-173 ~]$ select * from Persons;
-bash: syntax error near unexpected token `from'
[ec2-user@ip-10-1-10-173 ~]$ mysql -u admin -p -h udacity1.cdtwnzc7skbk.us-east-1.rds.amazonaws.com -P 3306
Enter password:
Welcome to the MariaDB monitor.  Commands end with ; or \g.
Your MySQL connection id is 205
Server version: 8.0.35 Source distribution

Copyright (c) 2000, 2018, Oracle, MariaDB Corporation Ab and others.

Type 'help;' or '\h' for help. Type '\c' to clear the current input statement.

MySQL [(none)]> use primaryrds;
Reading table information for completion of table and column names
You can turn off this feature to get a quicker startup with -A

Database changed
MySQL [primaryrds]> \h

General information about MariaDB can be found at
http://mariadb.org

List of all client commands:
Note that all text commands must be first on line and end with ';'
?         (\?) Synonym for `help'.
clear     (\c) Clear the current input statement.
connect   (\r) Reconnect to the server. Optional arguments are db and host.
delimiter (\d) Set statement delimiter.
edit      (\e) Edit command with $EDITOR.
ego       (\G) Send command to MariaDB server, display result vertically.
exit      (\q) Exit mysql. Same as quit.
go        (\g) Send command to MariaDB server.
help      (\h) Display this help.
nopager   (\n) Disable pager, print to stdout.
notee     (\t) Don't write into outfile.
pager     (\P) Set PAGER [to_pager]. Print the query results via PAGER.
print     (\p) Print current command.
prompt    (\R) Change your mysql prompt.
quit      (\q) Quit mysql.
rehash    (\#) Rebuild completion hash.
source    (\.) Execute an SQL script file. Takes a file name as an argument.
status    (\s) Get status information from the server.
system    (\!) Execute a system shell command.
tee       (\T) Set outfile [to_outfile]. Append everything into given outfile.
use       (\u) Use another database. Takes database name as argument.
charset   (\C) Switch to another charset. Might be needed for processing binlog with multi-byte charsets.
warnings  (\W) Show warnings after every statement.
nowarning (\w) Don't show warnings after every statement.

For server side help, type 'help contents'

MySQL [primaryrds]> show full table;
ERROR 1064 (42000): You have an error in your SQL syntax; check the manual that corresponds to your MySQL server version for the right syntax to use near 'table' at line 1
MySQL [primaryrds]> show full tables;
+----------------------+------------+
| Tables_in_primaryrds | Table_type |
+----------------------+------------+
| Persons              | BASE TABLE |
+----------------------+------------+
1 row in set (0.003 sec)

MySQL [primaryrds]> insert into Persons(PersonID, LastName, FirstName, Address, City) values (1, 'dsd', 'dsds', 'dsadsa', 'dasds');
Query OK, 1 row affected (0.016 sec)

MySQL [primaryrds]> select * from Persons;
+----------+----------+-----------+---------+-------+
| PersonID | LastName | FirstName | Address | City  |
+----------+----------+-----------+---------+-------+
|        1 | dsd      | dsds      | dsadsa  | dasds |
+----------+----------+-----------+---------+-------+
1 row in set (0.001 sec)

MySQL [primaryrds]>
